<?xml version="1.0" encoding="UTF-8"?>
<beans xmlns="http://www.springframework.org/schema/beans"
	xmlns:xsi="http://www.w3.org/2001/XMLSchema-instance"
	xmlns:tx="http://www.springframework.org/schema/tx"
	xmlns:mvc="http://www.springframework.org/schema/mvc"
	xmlns:context="http://www.springframework.org/schema/context"
	xsi:schemaLocation="http://www.springframework.org/schema/beans http://www.springframework.org/schema/beans/spring-beans.xsd
		http://www.springframework.org/schema/tx http://www.springframework.org/schema/tx/spring-tx-2.0.xsd
		http://www.springframework.org/schema/mvc http://www.springframework.org/schema/mvc/spring-mvc.xsd
		http://www.springframework.org/schema/context http://www.springframework.org/schema/context/spring-context.xsd">

	<!-- 啟用spring mvc -->
	<mvc:annotation-driven />
	<!-- 使用Autowired -->
	<context:annotation-config />
	<mvc:default-servlet-handler />
	
	<context:component-scan base-package="com.ctbc.service, com.ctbc.dao" />

	<beans profile="default">
		<bean id="dataSource"
			class="org.springframework.jndi.JndiObjectFactoryBean">
			<property name="jndiName" value="jdbc/ctbcDB"></property>
			<property name="resourceRef" value="true"></property>
			<property name="proxyInterface" value="javax.sql.DataSource"></property>
		</bean>
	
		<!-- <bean id="jdbcTemplate" -->
		<!-- class="org.springframework.jdbc.core.JdbcTemplate"> -->
		<!-- <constructor-arg ref="dataSource"></constructor-arg> -->
		<!-- </bean> -->
	
		<bean id="sessionFactory"
			class="org.springframework.orm.hibernate4.LocalSessionFactoryBean">
			<property name="dataSource" ref="dataSource" />
			<property name="packagesToScan" value="com.ctbc.model" />
			<property name="hibernateProperties">
				<props>
					<prop key="hibernate.hbm2ddl.auto">none</prop>
					<prop key="hibernate.dialect">org.hibernate.dialect.HSQLDialect</prop>
					<prop key="show_sql">true</prop>
					<prop key="format_sql">true</prop>
				</props>
			</property>
		</bean>
	
		<bean id="transactionManager"
			class="org.springframework.orm.hibernate4.HibernateTransactionManager">
			<property name="sessionFactory" ref="sessionFactory" />
		</bean>
	
		<tx:annotation-driven
			transaction-manager="transactionManager" />
			
	</beans>
</beans>
