<?xml version="1.0" encoding="UTF-8"?>
<beans xmlns="http://www.springframework.org/schema/beans"
	xmlns:xsi="http://www.w3.org/2001/XMLSchema-instance"
	xmlns:tx="http://www.springframework.org/schema/tx"
	xmlns:mvc="http://www.springframework.org/schema/mvc"
	xmlns:context="http://www.springframework.org/schema/context"
	xmlns:aop="http://www.springframework.org/schema/aop"
	xsi:schemaLocation="http://www.springframework.org/schema/beans http://www.springframework.org/schema/beans/spring-beans.xsd
		http://www.springframework.org/schema/tx http://www.springframework.org/schema/tx/spring-tx-2.0.xsd
		http://www.springframework.org/schema/mvc http://www.springframework.org/schema/mvc/spring-mvc.xsd
		http://www.springframework.org/schema/context http://www.springframework.org/schema/context/spring-context.xsd
		http://www.springframework.org/schema/aop http://www.springframework.org/schema/aop/spring-aop-3.0.xsd">

	<!-- 啟用spring mvc -->
	<mvc:annotation-driven />
	<aop:aspectj-autoproxy />
	<!-- 使用Autowired -->
<!-- 	<context:annotation-config /> -->
<!-- 	<mvc:default-servlet-handler /> -->
	
	<context:component-scan base-package="com.ctbc.controller, com.ctbc.aspect" />
	
	<!-- 指定 ViewResolver -->
	<bean id="viewResolver"
		class="org.springframework.web.servlet.view.InternalResourceViewResolver">
		<property name="prefix" value="/WEB-INF/"></property>
		<property name="suffix" value=".jsp"></property>
		<property name="contentType" value="text/html;charset=UTF-8"></property>
		<property name="exposeContextBeansAsAttributes" value="true"></property>
	</bean>

	<bean id="gson" class="com.google.gson.Gson"></bean>

	<import resource="classpath:xml/SpringBase.xml" />

</beans>
